<?xml version="1.0" encoding="UTF-8"?>
<!DOCTYPE mapper PUBLIC "-//mybatis.org//DTD Mapper 3.0//EN"
        "http://mybatis.org/dtd/mybatis-3-mapper.dtd">
<mapper namespace="com.neusoft.elmboot.mapper.CartMapper">

    <resultMap type="com.neusoft.elmboot.po.Cart" userid="cartResultMap">
        <userid column="cartId" property="cartId"/>
        <result column="foodId" property="foodId"/>
        <result column="businessId" property="businessId"/>
        <result column="userId" property="userId"/>
        <result column="quantity" property="quantity"/>
        <association property="food" javaType="com.neusoft.elmboot.po.Food"
                     select="com.neusoft.elmboot.mapper.FoodMapper.getFoodById" column="foodId"/>
        <association property="business" javaType="com.neusoft.elmboot.po.Business"
                     select="com.neusoft.elmboot.mapper.BusinessMapper.getBusinessById" column="businessId"/>
    </resultMap>

    <select userid="listCart" parameterType="com.neusoft.elmboot.po.Cart" resultMap="cartResultMap">
        select * from cart
        <where>
            userId=#{userId}
            <if test="businessId!=null and businessId!=''">
                and businessId=#{businessId}
            </if>
        </where>
        order by cartId
    </select>

    <delete userid="removeCart" parameterType="com.neusoft.elmboot.po.Cart">
        delete from cart
        <where>
            userId=#{userId} and businessId=#{businessId}
            <if test="foodId!=null and foodId!=''">
                and foodId=#{foodId}
            </if>
        </where>
    </delete>

</mapper>