<?xml version="1.0" encoding="UTF-8"?>
<!DOCTYPE mapper PUBLIC "-//mybatis.org//DTD Mapper 3.0//EN"
        "http://mybatis.org/dtd/mybatis-3-mapper.dtd">
<mapper namespace="com.neusoft.elmboot.mapper.OrdersMapper">

    <resultMap userid="ordersResultMap" type="Orders">
        <userid column="orderId" property="orderId"/>
        <result column="userId" property="userId"/>
        <result column="businessId" property="businessId"/>
        <result column="orderDate" property="orderDate"/>
        <result column="orderTotal" property="orderTotal"/>
        <result column="daId" property="daId"/>
        <result column="orderState" property="orderState"/>

        <association property="business" javaType="Business"
                     select="com.neusoft.elmboot.mapper.BusinessMapper.getBusinessById" column="businessId"></association>

        <collection property="list" ofType="com.neusoft.elmboot.po.OrderDetailet"
                    select="com.neusoft.elmboot.mapper.OrderDetailetMapper.listOrderDetailetByOrderId" column="orderId"></collection>
    </resultMap>
    <select userid="getOrdersById" parameterType="com.neusoft.elmboot.po.Orders" resultMap="ordersResultMap">
        select * from orders
        <where>
            orderId=#{orderId}
        </where>
    </select>

    <select userid="listOrdersByUserId" parameterType="com.neusoft.elmboot.po.Orders" resultMap="ordersResultMap">
        select * from orders
        <where>
            userId=#{userId}
        </where>
    </select>

</mapper>